,date,rank,song,artist,last-week,peak-rank,weeks-on-board
17588,2018-06-30,89,Dame Tu Cosita,Pitbull x El Chombo x Karol G Featuring Cutty Ranks,80.0,36,9
17679,2018-06-23,80,Dame Tu Cosita,Pitbull x El Chombo x Karol G Featuring Cutty Ranks,75.0,36,8
17774,2018-06-16,75,Dame Tu Cosita,Pitbull x El Chombo x Karol G Featuring Cutty Ranks,61.0,36,7
17860,2018-06-09,61,Dame Tu Cosita,Pitbull x El Chombo x Karol G Featuring Cutty Ranks,62.0,36,6
17961,2018-06-02,62,Dame Tu Cosita,Pitbull x El Chombo x Karol G Featuring Cutty Ranks,57.0,36,5
18056,2018-05-26,57,Dame Tu Cosita,Pitbull x El Chombo x Karol G Featuring Cutty Ranks,36.0,36,4
18135,2018-05-19,36,Dame Tu Cosita,Pitbull x El Chombo x Karol G Featuring Cutty Ranks,43.0,36,3
18242,2018-05-12,43,Dame Tu Cosita,Pitbull x El Chombo x Karol G Featuring Cutty Ranks,81.0,43,2
18380,2018-05-05,81,Dame Tu Cosita,Pitbull x El Chombo x Karol G Featuring Cutty Ranks,,81,1
25695,2016-12-10,96,Greenlight,Pitbull Featuring Flo Rida & LunchMoney Lewis,96.0,95,4
25795,2016-12-03,96,Greenlight,Pitbull Featuring Flo Rida & LunchMoney Lewis,97.0,95,3
25896,2016-11-26,97,Greenlight,Pitbull Featuring Flo Rida & LunchMoney Lewis,,95,2
26094,2016-11-12,95,Greenlight,Pitbull Featuring Flo Rida & LunchMoney Lewis,,95,1
27687,2016-07-23,88,Messin' Around,Pitbull Featuring Enrique Iglesias,,64,8
27976,2016-07-02,77,Messin' Around,Pitbull Featuring Enrique Iglesias,64.0,64,7
28063,2016-06-25,64,Messin' Around,Pitbull Featuring Enrique Iglesias,69.0,64,6
28168,2016-06-18,69,Messin' Around,Pitbull Featuring Enrique Iglesias,66.0,66,5
28265,2016-06-11,66,Messin' Around,Pitbull Featuring Enrique Iglesias,95.0,66,4
28394,2016-06-04,95,Messin' Around,Pitbull Featuring Enrique Iglesias,98.0,70,3
28497,2016-05-28,98,Messin' Around,Pitbull Featuring Enrique Iglesias,,70,2
28869,2016-04-30,70,Messin' Around,Pitbull Featuring Enrique Iglesias,,70,1
32295,2015-09-05,96,Fun,Pitbull Featuring Chris Brown,74.0,40,15
32373,2015-08-29,74,Fun,Pitbull Featuring Chris Brown,63.0,40,14
32462,2015-08-22,63,Fun,Pitbull Featuring Chris Brown,57.0,40,13
32556,2015-08-15,57,Fun,Pitbull Featuring Chris Brown,42.0,40,12
32597,2015-08-15,98,Back It Up,Prince Royce Featuring Jennifer Lopez & Pitbull,,92,2
32641,2015-08-08,42,Fun,Pitbull Featuring Chris Brown,40.0,40,11
32739,2015-08-01,40,Fun,Pitbull Featuring Chris Brown,42.0,40,10
32841,2015-07-25,42,Fun,Pitbull Featuring Chris Brown,40.0,40,9
32939,2015-07-18,40,Fun,Pitbull Featuring Chris Brown,40.0,40,8
33039,2015-07-11,40,Fun,Pitbull Featuring Chris Brown,44.0,40,7
33143,2015-07-04,44,Fun,Pitbull Featuring Chris Brown,47.0,44,6
33246,2015-06-27,47,Fun,Pitbull Featuring Chris Brown,50.0,47,5
33249,2015-06-27,50,Time Of Our Lives,Pitbull & Ne-Yo,48.0,9,27
33291,2015-06-27,92,Back It Up,Prince Royce Featuring Jennifer Lopez & Pitbull,,92,1
33347,2015-06-20,48,Time Of Our Lives,Pitbull & Ne-Yo,47.0,9,26
33349,2015-06-20,50,Fun,Pitbull Featuring Chris Brown,53.0,50,4
33446,2015-06-13,47,Time Of Our Lives,Pitbull & Ne-Yo,46.0,9,25
33452,2015-06-13,53,Fun,Pitbull Featuring Chris Brown,54.0,53,3
33545,2015-06-06,46,Time Of Our Lives,Pitbull & Ne-Yo,37.0,9,24
33553,2015-06-06,54,Fun,Pitbull Featuring Chris Brown,77.0,54,2
33636,2015-05-30,37,Time Of Our Lives,Pitbull & Ne-Yo,31.0,9,23
33676,2015-05-30,77,Fun,Pitbull Featuring Chris Brown,,77,1
33730,2015-05-23,31,Time Of Our Lives,Pitbull & Ne-Yo,29.0,9,22
33828,2015-05-16,29,Time Of Our Lives,Pitbull & Ne-Yo,25.0,9,21
33924,2015-05-09,25,Time Of Our Lives,Pitbull & Ne-Yo,19.0,9,20
34018,2015-05-02,19,Time Of Our Lives,Pitbull & Ne-Yo,17.0,9,19
34116,2015-04-25,17,Time Of Our Lives,Pitbull & Ne-Yo,15.0,9,18
34214,2015-04-18,15,Time Of Our Lives,Pitbull & Ne-Yo,11.0,9,17
34310,2015-04-11,11,Time Of Our Lives,Pitbull & Ne-Yo,9.0,9,16
34408,2015-04-04,9,Time Of Our Lives,Pitbull & Ne-Yo,9.0,9,15
34508,2015-03-28,9,Time Of Our Lives,Pitbull & Ne-Yo,9.0,9,14
34608,2015-03-21,9,Time Of Our Lives,Pitbull & Ne-Yo,10.0,9,13
34709,2015-03-14,10,Time Of Our Lives,Pitbull & Ne-Yo,11.0,10,12
34810,2015-03-07,11,Time Of Our Lives,Pitbull & Ne-Yo,13.0,11,11
34912,2015-02-28,13,Time Of Our Lives,Pitbull & Ne-Yo,11.0,11,10
35010,2015-02-21,11,Time Of Our Lives,Pitbull & Ne-Yo,11.0,11,9
35110,2015-02-14,11,Time Of Our Lives,Pitbull & Ne-Yo,21.0,11,8
35220,2015-02-07,21,Time Of Our Lives,Pitbull & Ne-Yo,24.0,21,7
35323,2015-01-31,24,Time Of Our Lives,Pitbull & Ne-Yo,35.0,24,6
35434,2015-01-24,35,Time Of Our Lives,Pitbull & Ne-Yo,33.0,33,5
35532,2015-01-17,33,Time Of Our Lives,Pitbull & Ne-Yo,46.0,33,4
35645,2015-01-10,46,Time Of Our Lives,Pitbull & Ne-Yo,87.0,46,3
35786,2015-01-03,87,Time Of Our Lives,Pitbull & Ne-Yo,,87,2
35795,2015-01-03,96,Fireball,Pitbull Featuring John Ryan,88.0,23,20
35887,2014-12-27,88,Fireball,Pitbull Featuring John Ryan,72.0,23,19
35971,2014-12-20,72,Fireball,Pitbull Featuring John Ryan,50.0,23,18
36049,2014-12-13,50,Fireball,Pitbull Featuring John Ryan,68.0,23,17
36074,2014-12-13,75,Booty,Jennifer Lopez Featuring Iggy Azalea Or Pitbull,94.0,18,9
36093,2014-12-13,94,Time Of Our Lives,Pitbull & Ne-Yo,,94,1
36167,2014-12-06,68,Fireball,Pitbull Featuring John Ryan,64.0,23,16
36193,2014-12-06,94,Booty,Jennifer Lopez Featuring Iggy Azalea Or Pitbull,,18,8
36263,2014-11-29,64,Fireball,Pitbull Featuring John Ryan,56.0,23,15
36355,2014-11-22,56,Fireball,Pitbull Featuring John Ryan,23.0,23,14
36399,2014-11-22,100,Booty,Jennifer Lopez Featuring Iggy Azalea Or Pitbull,,18,7
36422,2014-11-15,23,Fireball,Pitbull Featuring John Ryan,30.0,23,13
36529,2014-11-08,30,Fireball,Pitbull Featuring John Ryan,32.0,30,12
36579,2014-11-08,80,Booty,Jennifer Lopez Featuring Iggy Azalea Or Pitbull,85.0,18,6
36631,2014-11-01,32,Fireball,Pitbull Featuring John Ryan,34.0,30,11
36684,2014-11-01,85,Booty,Jennifer Lopez Featuring Iggy Azalea Or Pitbull,81.0,18,5
36733,2014-10-25,34,Fireball,Pitbull Featuring John Ryan,31.0,30,10
36780,2014-10-25,81,Booty,Jennifer Lopez Featuring Iggy Azalea Or Pitbull,71.0,18,4
36830,2014-10-18,31,Fireball,Pitbull Featuring John Ryan,30.0,30,9
36870,2014-10-18,71,Booty,Jennifer Lopez Featuring Iggy Azalea Or Pitbull,45.0,18,3
36929,2014-10-11,30,Fireball,Pitbull Featuring John Ryan,31.0,30,8
36944,2014-10-11,45,Booty,Jennifer Lopez Featuring Iggy Azalea Or Pitbull,18.0,18,2
37017,2014-10-04,18,Booty,Jennifer Lopez Featuring Iggy Azalea Or Pitbull,,18,1
37030,2014-10-04,31,Fireball,Pitbull Featuring John Ryan,46.0,31,7
37145,2014-09-27,46,Fireball,Pitbull Featuring John Ryan,54.0,46,6
37253,2014-09-20,54,Fireball,Pitbull Featuring John Ryan,63.0,54,5
37362,2014-09-13,63,Fireball,Pitbull Featuring John Ryan,68.0,63,4
37467,2014-09-06,68,Fireball,Pitbull Featuring John Ryan,88.0,68,3
37587,2014-08-30,88,Fireball,Pitbull Featuring John Ryan,93.0,88,2
37692,2014-08-23,93,Fireball,Pitbull Featuring John Ryan,,93,1
38148,2014-07-19,49,Timber,Pitbull Featuring Ke$ha,47.0,1,39
38197,2014-07-19,98,We Are One (Ole Ola) [The 2014 FIFA World Cup Official Song],Pitbull Featuring Jennifer Lopez & Claudia Leitte,90.0,59,6
38246,2014-07-12,47,Timber,Pitbull Featuring Ke$ha,42.0,1,38
38289,2014-07-12,90,We Are One (Ole Ola) [The 2014 FIFA World Cup Official Song],Pitbull Featuring Jennifer Lopez & Claudia Leitte,85.0,59,5
38298,2014-07-12,99,Wild Wild Love,Pitbull Featuring G.R.L.,93.0,30,18
38341,2014-07-05,42,Timber,Pitbull Featuring Ke$ha,38.0,1,37
38384,2014-07-05,85,We Are One (Ole Ola) [The 2014 FIFA World Cup Official Song],Pitbull Featuring Jennifer Lopez & Claudia Leitte,59.0,59,4
38392,2014-07-05,93,Wild Wild Love,Pitbull Featuring G.R.L.,78.0,30,17
38437,2014-06-28,38,Timber,Pitbull Featuring Ke$ha,33.0,1,36
38458,2014-06-28,59,We Are One (Ole Ola) [The 2014 FIFA World Cup Official Song],Pitbull Featuring Jennifer Lopez & Claudia Leitte,,59,3
38477,2014-06-28,78,Wild Wild Love,Pitbull Featuring G.R.L.,66.0,30,16
38532,2014-06-21,33,Timber,Pitbull Featuring Ke$ha,33.0,1,35
38565,2014-06-21,66,Wild Wild Love,Pitbull Featuring G.R.L.,45.0,30,15
38632,2014-06-14,33,Timber,Pitbull Featuring Ke$ha,35.0,1,34
38644,2014-06-14,45,Wild Wild Love,Pitbull Featuring G.R.L.,36.0,30,14
38673,2014-06-14,74,Mmm Yeah,Austin Mahone Featuring Pitbull,85.0,49,15
38734,2014-06-07,35,Timber,Pitbull Featuring Ke$ha,35.0,1,33
38735,2014-06-07,36,Wild Wild Love,Pitbull Featuring G.R.L.,34.0,30,13
38784,2014-06-07,85,Mmm Yeah,Austin Mahone Featuring Pitbull,66.0,49,14
38798,2014-06-07,99,We Are One (Ole Ola) [The 2014 FIFA World Cup Official Song],Pitbull Featuring Jennifer Lopez & Claudia Leitte,,88,2
38833,2014-05-31,34,Wild Wild Love,Pitbull Featuring G.R.L.,30.0,30,12
38834,2014-05-31,35,Timber,Pitbull Featuring Ke$ha,28.0,1,32
38865,2014-05-31,66,Mmm Yeah,Austin Mahone Featuring Pitbull,63.0,49,13
38927,2014-05-24,28,Timber,Pitbull Featuring Ke$ha,25.0,1,31
38929,2014-05-24,30,Wild Wild Love,Pitbull Featuring G.R.L.,30.0,30,11
38962,2014-05-24,63,Mmm Yeah,Austin Mahone Featuring Pitbull,50.0,49,12
39024,2014-05-17,25,Timber,Pitbull Featuring Ke$ha,21.0,1,30
39029,2014-05-17,30,Wild Wild Love,Pitbull Featuring G.R.L.,35.0,30,10
39049,2014-05-17,50,Mmm Yeah,Austin Mahone Featuring Pitbull,55.0,49,11
39120,2014-05-10,21,Timber,Pitbull Featuring Ke$ha,20.0,1,29
39134,2014-05-10,35,Wild Wild Love,Pitbull Featuring G.R.L.,43.0,35,9
39154,2014-05-10,55,Mmm Yeah,Austin Mahone Featuring Pitbull,49.0,49,10
39219,2014-05-03,20,Timber,Pitbull Featuring Ke$ha,17.0,1,28
39242,2014-05-03,43,Wild Wild Love,Pitbull Featuring G.R.L.,52.0,43,8
39248,2014-05-03,49,Mmm Yeah,Austin Mahone Featuring Pitbull,56.0,49,9
39316,2014-04-26,17,Timber,Pitbull Featuring Ke$ha,13.0,1,27
39351,2014-04-26,52,Wild Wild Love,Pitbull Featuring G.R.L.,57.0,52,7
39355,2014-04-26,56,Mmm Yeah,Austin Mahone Featuring Pitbull,51.0,51,8
39387,2014-04-26,88,We Are One (Ole Ola) [The 2014 FIFA World Cup Official Song],Pitbull Featuring Jennifer Lopez & Claudia Leitte,,88,1
39412,2014-04-19,13,Timber,Pitbull Featuring Ke$ha,13.0,1,26
39450,2014-04-19,51,Mmm Yeah,Austin Mahone Featuring Pitbull,62.0,51,7
39456,2014-04-19,57,Wild Wild Love,Pitbull Featuring G.R.L.,82.0,57,6
39512,2014-04-12,13,Timber,Pitbull Featuring Ke$ha,11.0,1,25
39561,2014-04-12,62,Mmm Yeah,Austin Mahone Featuring Pitbull,64.0,60,6
39581,2014-04-12,82,Wild Wild Love,Pitbull Featuring G.R.L.,93.0,81,5
39610,2014-04-05,11,Timber,Pitbull Featuring Ke$ha,11.0,1,24
39663,2014-04-05,64,Mmm Yeah,Austin Mahone Featuring Pitbull,70.0,60,5
39692,2014-04-05,93,Wild Wild Love,Pitbull Featuring G.R.L.,92.0,81,4
39710,2014-03-29,11,Timber,Pitbull Featuring Ke$ha,10.0,1,23
39769,2014-03-29,70,Mmm Yeah,Austin Mahone Featuring Pitbull,93.0,60,4
39791,2014-03-29,92,Wild Wild Love,Pitbull Featuring G.R.L.,81.0,81,3
39809,2014-03-22,10,Timber,Pitbull Featuring Ke$ha,10.0,1,22
39880,2014-03-22,81,Wild Wild Love,Pitbull Featuring G.R.L.,89.0,81,2
39892,2014-03-22,93,Mmm Yeah,Austin Mahone Featuring Pitbull,,60,3
39909,2014-03-15,10,Timber,Pitbull Featuring Ke$ha,10.0,1,21
39988,2014-03-15,89,Wild Wild Love,Pitbull Featuring G.R.L.,,89,1
40009,2014-03-08,10,Timber,Pitbull Featuring Ke$ha,7.0,1,20
40106,2014-03-01,7,Timber,Pitbull Featuring Ke$ha,6.0,1,19
40205,2014-02-22,6,Timber,Pitbull Featuring Ke$ha,3.0,1,18
40302,2014-02-15,3,Timber,Pitbull Featuring Ke$ha,2.0,1,17
40391,2014-02-15,92,Mmm Yeah,Austin Mahone Featuring Pitbull,60.0,60,2
40401,2014-02-08,2,Timber,Pitbull Featuring Ke$ha,1.0,1,16
40459,2014-02-08,60,Mmm Yeah,Austin Mahone Featuring Pitbull,,60,1
40500,2014-02-01,1,Timber,Pitbull Featuring Ke$ha,1.0,1,15
40600,2014-01-25,1,Timber,Pitbull Featuring Ke$ha,1.0,1,14
40700,2014-01-18,1,Timber,Pitbull Featuring Ke$ha,2.0,1,13
40801,2014-01-11,2,Timber,Pitbull Featuring Ke$ha,2.0,2,12
40901,2014-01-04,2,Timber,Pitbull Featuring Ke$ha,2.0,2,11
41001,2013-12-28,2,Timber,Pitbull Featuring Ke$ha,2.0,2,10
41101,2013-12-21,2,Timber,Pitbull Featuring Ke$ha,4.0,2,9
41203,2013-12-14,4,Timber,Pitbull Featuring Ke$ha,8.0,4,8
41307,2013-12-07,8,Timber,Pitbull Featuring Ke$ha,10.0,8,7
41409,2013-11-30,10,Timber,Pitbull Featuring Ke$ha,15.0,10,6
41514,2013-11-23,15,Timber,Pitbull Featuring Ke$ha,20.0,15,5
41619,2013-11-16,20,Timber,Pitbull Featuring Ke$ha,35.0,20,4
41734,2013-11-09,35,Timber,Pitbull Featuring Ke$ha,46.0,35,3
41845,2013-11-02,46,Timber,Pitbull Featuring Ke$ha,49.0,46,2
41948,2013-10-26,49,Timber,Pitbull Featuring Ke$ha,,49,1
43341,2013-07-20,42,Feel This Moment,Pitbull Featuring Christina Aguilera,39.0,8,24
43438,2013-07-13,39,Feel This Moment,Pitbull Featuring Christina Aguilera,31.0,8,23
43530,2013-07-06,31,Feel This Moment,Pitbull Featuring Christina Aguilera,34.0,8,22
43633,2013-06-29,34,Feel This Moment,Pitbull Featuring Christina Aguilera,30.0,8,21
43681,2013-06-29,82,Live It Up,Jennifer Lopez Featuring Pitbull,82.0,60,6
43729,2013-06-22,30,Feel This Moment,Pitbull Featuring Christina Aguilera,23.0,8,20
43781,2013-06-22,82,Live It Up,Jennifer Lopez Featuring Pitbull,71.0,60,5
43822,2013-06-15,23,Feel This Moment,Pitbull Featuring Christina Aguilera,18.0,8,19
43870,2013-06-15,71,Live It Up,Jennifer Lopez Featuring Pitbull,60.0,60,4
43917,2013-06-08,18,Feel This Moment,Pitbull Featuring Christina Aguilera,17.0,8,18
43959,2013-06-08,60,Live It Up,Jennifer Lopez Featuring Pitbull,62.0,60,3
44016,2013-06-01,17,Feel This Moment,Pitbull Featuring Christina Aguilera,13.0,8,17
44061,2013-06-01,62,Live It Up,Jennifer Lopez Featuring Pitbull,73.0,62,2
44112,2013-05-25,13,Feel This Moment,Pitbull Featuring Christina Aguilera,10.0,8,16
44172,2013-05-25,73,Live It Up,Jennifer Lopez Featuring Pitbull,,73,1
44209,2013-05-18,10,Feel This Moment,Pitbull Featuring Christina Aguilera,8.0,8,15
44296,2013-05-18,97,Sexy People (The Fiat Song),Arianna Featuring Pitbull,,97,1
44307,2013-05-11,8,Feel This Moment,Pitbull Featuring Christina Aguilera,9.0,8,14
44408,2013-05-04,9,Feel This Moment,Pitbull Featuring Christina Aguilera,8.0,8,13
44507,2013-04-27,8,Feel This Moment,Pitbull Featuring Christina Aguilera,10.0,8,12
44609,2013-04-20,10,Feel This Moment,Pitbull Featuring Christina Aguilera,9.0,8,11
44708,2013-04-13,9,Feel This Moment,Pitbull Featuring Christina Aguilera,8.0,8,10
44807,2013-04-06,8,Feel This Moment,Pitbull Featuring Christina Aguilera,11.0,8,9
44910,2013-03-30,11,Feel This Moment,Pitbull Featuring Christina Aguilera,13.0,11,8
45012,2013-03-23,13,Feel This Moment,Pitbull Featuring Christina Aguilera,18.0,13,7
45117,2013-03-16,18,Feel This Moment,Pitbull Featuring Christina Aguilera,28.0,18,6
45175,2013-03-16,76,Don't Stop The Party,Pitbull Featuring TJR,65.0,17,20
45227,2013-03-09,28,Feel This Moment,Pitbull Featuring Christina Aguilera,47.0,28,5
45264,2013-03-09,65,Don't Stop The Party,Pitbull Featuring TJR,59.0,17,19
45346,2013-03-02,47,Feel This Moment,Pitbull Featuring Christina Aguilera,55.0,47,4
45358,2013-03-02,59,Don't Stop The Party,Pitbull Featuring TJR,44.0,17,18
45443,2013-02-23,44,Don't Stop The Party,Pitbull Featuring TJR,32.0,17,17
45454,2013-02-23,55,Feel This Moment,Pitbull Featuring Christina Aguilera,76.0,55,3
45531,2013-02-16,32,Don't Stop The Party,Pitbull Featuring TJR,27.0,17,16
45575,2013-02-16,76,Feel This Moment,Pitbull Featuring Christina Aguilera,99.0,76,2
45626,2013-02-09,27,Don't Stop The Party,Pitbull Featuring TJR,22.0,17,15
45698,2013-02-09,99,Feel This Moment,Pitbull Featuring Christina Aguilera,,99,1
45721,2013-02-02,22,Don't Stop The Party,Pitbull Featuring TJR,17.0,17,14
45816,2013-01-26,17,Don't Stop The Party,Pitbull Featuring TJR,17.0,17,13
45916,2013-01-19,17,Don't Stop The Party,Pitbull Featuring TJR,31.0,17,12
46030,2013-01-12,31,Don't Stop The Party,Pitbull Featuring TJR,27.0,27,11
46126,2013-01-05,27,Don't Stop The Party,Pitbull Featuring TJR,30.0,27,10
46229,2012-12-29,30,Don't Stop The Party,Pitbull Featuring TJR,31.0,30,9
46330,2012-12-22,31,Don't Stop The Party,Pitbull Featuring TJR,31.0,30,8
46430,2012-12-15,31,Don't Stop The Party,Pitbull Featuring TJR,30.0,30,7
46529,2012-12-08,30,Don't Stop The Party,Pitbull Featuring TJR,61.0,30,6
46660,2012-12-01,61,Don't Stop The Party,Pitbull Featuring TJR,81.0,61,5
46780,2012-11-24,81,Don't Stop The Party,Pitbull Featuring TJR,91.0,81,4
46890,2012-11-17,91,Don't Stop The Party,Pitbull Featuring TJR,99.0,89,3
46998,2012-11-10,99,Don't Stop The Party,Pitbull Featuring TJR,,89,2
47388,2012-10-13,89,Don't Stop The Party,Pitbull Featuring TJR,,89,1
47843,2012-09-08,44,We Run The Night,Havana Brown Featuring Pitbull,35.0,26,22
47934,2012-09-01,35,We Run The Night,Havana Brown Featuring Pitbull,31.0,26,21
47978,2012-09-01,79,Back In Time,Pitbull,75.0,11,20
48030,2012-08-25,31,We Run The Night,Havana Brown Featuring Pitbull,28.0,26,20
48074,2012-08-25,75,Back In Time,Pitbull,66.0,11,19
48127,2012-08-18,28,We Run The Night,Havana Brown Featuring Pitbull,26.0,26,19
48165,2012-08-18,66,Back In Time,Pitbull,55.0,11,18
48189,2012-08-18,90,Dance Again,Jennifer Lopez Featuring Pitbull,90.0,17,18
48225,2012-08-11,26,We Run The Night,Havana Brown Featuring Pitbull,27.0,26,18
48254,2012-08-11,55,Back In Time,Pitbull,50.0,11,17
48289,2012-08-11,90,Dance Again,Jennifer Lopez Featuring Pitbull,100.0,17,17
48326,2012-08-04,27,We Run The Night,Havana Brown Featuring Pitbull,35.0,27,17
48349,2012-08-04,50,Back In Time,Pitbull,38.0,11,16
48399,2012-08-04,100,Dance Again,Jennifer Lopez Featuring Pitbull,92.0,17,16
48434,2012-07-28,35,We Run The Night,Havana Brown Featuring Pitbull,40.0,35,16
48437,2012-07-28,38,Back In Time,Pitbull,22.0,11,15
48488,2012-07-28,89,Get It Started,Pitbull Featuring Shakira,99.0,89,2
48491,2012-07-28,92,Dance Again,Jennifer Lopez Featuring Pitbull,87.0,17,15
48521,2012-07-21,22,Back In Time,Pitbull,16.0,11,14
48539,2012-07-21,40,We Run The Night,Havana Brown Featuring Pitbull,38.0,38,15
48586,2012-07-21,87,Dance Again,Jennifer Lopez Featuring Pitbull,78.0,17,14
48598,2012-07-21,99,Get It Started,Pitbull Featuring Shakira,,99,1
48615,2012-07-14,16,Back In Time,Pitbull,14.0,11,13
48637,2012-07-14,38,We Run The Night,Havana Brown Featuring Pitbull,38.0,38,14
48677,2012-07-14,78,Dance Again,Jennifer Lopez Featuring Pitbull,80.0,17,13
48713,2012-07-07,14,Back In Time,Pitbull,14.0,11,12
48737,2012-07-07,38,We Run The Night,Havana Brown Featuring Pitbull,48.0,38,13
48779,2012-07-07,80,Dance Again,Jennifer Lopez Featuring Pitbull,76.0,17,12
48813,2012-06-30,14,Back In Time,Pitbull,12.0,11,11
48847,2012-06-30,48,We Run The Night,Havana Brown Featuring Pitbull,53.0,48,12
48875,2012-06-30,76,Dance Again,Jennifer Lopez Featuring Pitbull,65.0,17,11
48911,2012-06-23,12,Back In Time,Pitbull,11.0,11,10
48952,2012-06-23,53,We Run The Night,Havana Brown Featuring Pitbull,49.0,49,11
48964,2012-06-23,65,Dance Again,Jennifer Lopez Featuring Pitbull,52.0,17,10
49010,2012-06-16,11,Back In Time,Pitbull,14.0,11,9
49048,2012-06-16,49,We Run The Night,Havana Brown Featuring Pitbull,56.0,49,10
49051,2012-06-16,52,Dance Again,Jennifer Lopez Featuring Pitbull,34.0,17,9
49084,2012-06-16,85,I'm All Yours,Jay Sean Featuring Pitbull,,85,1
49113,2012-06-09,14,Back In Time,Pitbull,16.0,14,8
49133,2012-06-09,34,Dance Again,Jennifer Lopez Featuring Pitbull,19.0,17,8
49155,2012-06-09,56,We Run The Night,Havana Brown Featuring Pitbull,65.0,56,9
49215,2012-06-02,16,Back In Time,Pitbull,21.0,16,7
49218,2012-06-02,19,Dance Again,Jennifer Lopez Featuring Pitbull,17.0,17,7
49264,2012-06-02,65,We Run The Night,Havana Brown Featuring Pitbull,71.0,65,8
49316,2012-05-26,17,Dance Again,Jennifer Lopez Featuring Pitbull,20.0,17,6
49320,2012-05-26,21,Back In Time,Pitbull,30.0,21,6
49370,2012-05-26,71,We Run The Night,Havana Brown Featuring Pitbull,72.0,71,7
49419,2012-05-19,20,Dance Again,Jennifer Lopez Featuring Pitbull,25.0,20,5
49429,2012-05-19,30,Back In Time,Pitbull,48.0,30,5
49471,2012-05-19,72,We Run The Night,Havana Brown Featuring Pitbull,91.0,72,6
49524,2012-05-12,25,Dance Again,Jennifer Lopez Featuring Pitbull,29.0,25,4
49545,2012-05-12,46,International Love,Pitbull Featuring Chris Brown,42.0,13,26
49547,2012-05-12,48,Back In Time,Pitbull,65.0,48,4
49590,2012-05-12,91,We Run The Night,Havana Brown Featuring Pitbull,94.0,91,5
49628,2012-05-05,29,Dance Again,Jennifer Lopez Featuring Pitbull,34.0,27,3
49641,2012-05-05,42,International Love,Pitbull Featuring Chris Brown,32.0,13,25
49664,2012-05-05,65,Back In Time,Pitbull,83.0,65,3
49693,2012-05-05,94,We Run The Night,Havana Brown Featuring Pitbull,96.0,93,4
49731,2012-04-28,32,International Love,Pitbull Featuring Chris Brown,24.0,13,24
49733,2012-04-28,34,Dance Again,Jennifer Lopez Featuring Pitbull,27.0,27,2
49782,2012-04-28,83,Back In Time,Pitbull,,79,2
49795,2012-04-28,96,We Run The Night,Havana Brown Featuring Pitbull,,93,3
49823,2012-04-21,24,International Love,Pitbull Featuring Chris Brown,22.0,13,23
49826,2012-04-21,27,Dance Again,Jennifer Lopez Featuring Pitbull,,27,1
49921,2012-04-14,22,International Love,Pitbull Featuring Chris Brown,21.0,13,22
49978,2012-04-14,79,Back In Time,Pitbull,,79,1
49992,2012-04-14,93,We Run The Night,Havana Brown Featuring Pitbull,99.0,93,2
50020,2012-04-07,21,International Love,Pitbull Featuring Chris Brown,16.0,13,21
50098,2012-04-07,99,We Run The Night,Havana Brown Featuring Pitbull,,99,1
50115,2012-03-31,16,International Love,Pitbull Featuring Chris Brown,14.0,13,20
50213,2012-03-24,14,International Love,Pitbull Featuring Chris Brown,13.0,13,19
50312,2012-03-17,13,International Love,Pitbull Featuring Chris Brown,13.0,13,18
50412,2012-03-10,13,International Love,Pitbull Featuring Chris Brown,17.0,13,17
50516,2012-03-03,17,International Love,Pitbull Featuring Chris Brown,16.0,13,16
50615,2012-02-25,16,International Love,Pitbull Featuring Chris Brown,15.0,13,15
50714,2012-02-18,15,International Love,Pitbull Featuring Chris Brown,13.0,13,14
50748,2012-02-18,49,Give Me Everything,"Pitbull Featuring Ne-Yo, Afrojack & Nayer",45.0,1,45
50812,2012-02-11,13,International Love,Pitbull Featuring Chris Brown,18.0,13,13
50844,2012-02-11,45,Give Me Everything,"Pitbull Featuring Ne-Yo, Afrojack & Nayer",39.0,1,44
50917,2012-02-04,18,International Love,Pitbull Featuring Chris Brown,23.0,18,12
50938,2012-02-04,39,Give Me Everything,"Pitbull Featuring Ne-Yo, Afrojack & Nayer",37.0,1,43
51022,2012-01-28,23,International Love,Pitbull Featuring Chris Brown,24.0,23,11
51036,2012-01-28,37,Give Me Everything,"Pitbull Featuring Ne-Yo, Afrojack & Nayer",35.0,1,42
51123,2012-01-21,24,International Love,Pitbull Featuring Chris Brown,33.0,24,10
51134,2012-01-21,35,Give Me Everything,"Pitbull Featuring Ne-Yo, Afrojack & Nayer",35.0,1,41
51232,2012-01-14,33,International Love,Pitbull Featuring Chris Brown,33.0,30,9
51234,2012-01-14,35,Give Me Everything,"Pitbull Featuring Ne-Yo, Afrojack & Nayer",38.0,1,40
51332,2012-01-07,33,International Love,Pitbull Featuring Chris Brown,30.0,30,8
51337,2012-01-07,38,Give Me Everything,"Pitbull Featuring Ne-Yo, Afrojack & Nayer",27.0,1,39
51426,2011-12-31,27,Give Me Everything,"Pitbull Featuring Ne-Yo, Afrojack & Nayer",26.0,1,38
51429,2011-12-31,30,International Love,Pitbull Featuring Chris Brown,46.0,30,7
51525,2011-12-24,26,Give Me Everything,"Pitbull Featuring Ne-Yo, Afrojack & Nayer",20.0,1,37
51545,2011-12-24,46,International Love,Pitbull Featuring Chris Brown,56.0,46,6
51619,2011-12-17,20,Give Me Everything,"Pitbull Featuring Ne-Yo, Afrojack & Nayer",23.0,1,36
51655,2011-12-17,56,International Love,Pitbull Featuring Chris Brown,68.0,56,5
51692,2011-12-17,93,I Like How It Feels,Enrique Iglesias Featuring Pitbull & The WAV.s,74.0,74,3
51722,2011-12-10,23,Give Me Everything,"Pitbull Featuring Ne-Yo, Afrojack & Nayer",24.0,1,35
51767,2011-12-10,68,International Love,Pitbull Featuring Chris Brown,79.0,59,4
51773,2011-12-10,74,I Like How It Feels,Enrique Iglesias Featuring Pitbull & The WAV.s,,74,2
51789,2011-12-10,90,Rain Over Me,Pitbull Featuring Marc Anthony,,30,19
51823,2011-12-03,24,Give Me Everything,"Pitbull Featuring Ne-Yo, Afrojack & Nayer",25.0,1,34
51878,2011-12-03,79,International Love,Pitbull Featuring Chris Brown,92.0,59,3
51924,2011-11-26,25,Give Me Everything,"Pitbull Featuring Ne-Yo, Afrojack & Nayer",22.0,1,33
51991,2011-11-26,92,International Love,Pitbull Featuring Chris Brown,,59,2
52021,2011-11-19,22,Give Me Everything,"Pitbull Featuring Ne-Yo, Afrojack & Nayer",19.0,1,32
52118,2011-11-12,19,Give Me Everything,"Pitbull Featuring Ne-Yo, Afrojack & Nayer",17.0,1,31
52196,2011-11-12,97,Rain Over Me,Pitbull Featuring Marc Anthony,95.0,30,18
52216,2011-11-05,17,Give Me Everything,"Pitbull Featuring Ne-Yo, Afrojack & Nayer",14.0,1,30
52294,2011-11-05,95,Rain Over Me,Pitbull Featuring Marc Anthony,95.0,30,17
52313,2011-10-29,14,Give Me Everything,"Pitbull Featuring Ne-Yo, Afrojack & Nayer",13.0,1,29
52394,2011-10-29,95,Rain Over Me,Pitbull Featuring Marc Anthony,94.0,30,16
52412,2011-10-22,13,Give Me Everything,"Pitbull Featuring Ne-Yo, Afrojack & Nayer",15.0,1,28
52475,2011-10-22,76,I Like How It Feels,Enrique Iglesias Featuring Pitbull & The WAV.s,,76,1
52493,2011-10-22,94,Rain Over Me,Pitbull Featuring Marc Anthony,74.0,30,15
52514,2011-10-15,15,Give Me Everything,"Pitbull Featuring Ne-Yo, Afrojack & Nayer",13.0,1,27
52573,2011-10-15,74,Rain Over Me,Pitbull Featuring Marc Anthony,70.0,30,14
52612,2011-10-08,13,Give Me Everything,"Pitbull Featuring Ne-Yo, Afrojack & Nayer",11.0,1,26
52669,2011-10-08,70,Rain Over Me,Pitbull Featuring Marc Anthony,60.0,30,13
52710,2011-10-01,11,Give Me Everything,"Pitbull Featuring Ne-Yo, Afrojack & Nayer",13.0,1,25
52759,2011-10-01,60,Rain Over Me,Pitbull Featuring Marc Anthony,54.0,30,12
52812,2011-09-24,13,Give Me Everything,"Pitbull Featuring Ne-Yo, Afrojack & Nayer",9.0,1,24
52848,2011-09-24,49,On The Floor,Jennifer Lopez Featuring Pitbull,48.0,3,29
52853,2011-09-24,54,Rain Over Me,Pitbull Featuring Marc Anthony,51.0,30,11
52908,2011-09-17,9,Give Me Everything,"Pitbull Featuring Ne-Yo, Afrojack & Nayer",9.0,1,23
52947,2011-09-17,48,On The Floor,Jennifer Lopez Featuring Pitbull,44.0,3,28
52950,2011-09-17,51,Rain Over Me,Pitbull Featuring Marc Anthony,36.0,30,10
53008,2011-09-10,9,Give Me Everything,"Pitbull Featuring Ne-Yo, Afrojack & Nayer",11.0,1,22
53035,2011-09-10,36,Rain Over Me,Pitbull Featuring Marc Anthony,32.0,30,9
53043,2011-09-10,44,On The Floor,Jennifer Lopez Featuring Pitbull,43.0,3,27
53110,2011-09-03,11,Give Me Everything,"Pitbull Featuring Ne-Yo, Afrojack & Nayer",7.0,1,21
53131,2011-09-03,32,Rain Over Me,Pitbull Featuring Marc Anthony,30.0,30,8
53142,2011-09-03,43,On The Floor,Jennifer Lopez Featuring Pitbull,37.0,3,26
53206,2011-08-27,7,Give Me Everything,"Pitbull Featuring Ne-Yo, Afrojack & Nayer",4.0,1,20
53229,2011-08-27,30,Rain Over Me,Pitbull Featuring Marc Anthony,31.0,30,7
53236,2011-08-27,37,On The Floor,Jennifer Lopez Featuring Pitbull,34.0,3,25
53303,2011-08-20,4,Give Me Everything,"Pitbull Featuring Ne-Yo, Afrojack & Nayer",4.0,1,19
53330,2011-08-20,31,Rain Over Me,Pitbull Featuring Marc Anthony,40.0,31,6
53333,2011-08-20,34,On The Floor,Jennifer Lopez Featuring Pitbull,33.0,3,24
53403,2011-08-13,4,Give Me Everything,"Pitbull Featuring Ne-Yo, Afrojack & Nayer",3.0,1,18
53432,2011-08-13,33,On The Floor,Jennifer Lopez Featuring Pitbull,25.0,3,23
53439,2011-08-13,40,Rain Over Me,Pitbull Featuring Marc Anthony,59.0,40,5
53502,2011-08-06,3,Give Me Everything,"Pitbull Featuring Ne-Yo, Afrojack & Nayer",2.0,1,17
53524,2011-08-06,25,On The Floor,Jennifer Lopez Featuring Pitbull,26.0,3,22
53558,2011-08-06,59,Rain Over Me,Pitbull Featuring Marc Anthony,81.0,59,4
53601,2011-07-30,2,Give Me Everything,"Pitbull Featuring Ne-Yo, Afrojack & Nayer",2.0,1,16
53625,2011-07-30,26,On The Floor,Jennifer Lopez Featuring Pitbull,20.0,3,21
53680,2011-07-30,81,Rain Over Me,Pitbull Featuring Marc Anthony,93.0,75,3
53701,2011-07-23,2,Give Me Everything,"Pitbull Featuring Ne-Yo, Afrojack & Nayer",2.0,1,15
53719,2011-07-23,20,On The Floor,Jennifer Lopez Featuring Pitbull,19.0,3,20
53792,2011-07-23,93,Rain Over Me,Pitbull Featuring Marc Anthony,,75,2
53801,2011-07-16,2,Give Me Everything,"Pitbull Featuring Ne-Yo, Afrojack & Nayer",1.0,1,14
53818,2011-07-16,19,On The Floor,Jennifer Lopez Featuring Pitbull,16.0,3,19
53886,2011-07-16,87,Shake Senora,Pitbull Featuring T-Pain & Sean Paul,69.0,69,2
53900,2011-07-09,1,Give Me Everything,"Pitbull Featuring Ne-Yo, Afrojack & Nayer",2.0,1,13
53915,2011-07-09,16,On The Floor,Jennifer Lopez Featuring Pitbull,12.0,3,18
53968,2011-07-09,69,Shake Senora,Pitbull Featuring T-Pain & Sean Paul,,69,1
54001,2011-07-02,2,Give Me Everything,"Pitbull Featuring Ne-Yo, Afrojack & Nayer",2.0,2,12
54011,2011-07-02,12,On The Floor,Jennifer Lopez Featuring Pitbull,7.0,3,17
54074,2011-07-02,75,Rain Over Me,Pitbull Featuring Marc Anthony,,75,1
54101,2011-06-25,2,Give Me Everything,"Pitbull Featuring Ne-Yo, Afrojack & Nayer",2.0,2,11
54106,2011-06-25,7,On The Floor,Jennifer Lopez Featuring Pitbull,5.0,3,16
54172,2011-06-25,73,Pause,Pitbull,,73,1
54201,2011-06-18,2,Give Me Everything,"Pitbull Featuring Ne-Yo, Afrojack & Nayer",2.0,2,10
54204,2011-06-18,5,On The Floor,Jennifer Lopez Featuring Pitbull,4.0,3,15
54258,2011-06-18,59,International Love,Pitbull Featuring Chris Brown,,59,1
54301,2011-06-11,2,Give Me Everything,"Pitbull Featuring Ne-Yo, Afrojack & Nayer",3.0,2,9
54303,2011-06-11,4,On The Floor,Jennifer Lopez Featuring Pitbull,5.0,3,14
54402,2011-06-04,3,Give Me Everything,"Pitbull Featuring Ne-Yo, Afrojack & Nayer",4.0,3,8
54404,2011-06-04,5,On The Floor,Jennifer Lopez Featuring Pitbull,6.0,3,13
54503,2011-05-28,4,Give Me Everything,"Pitbull Featuring Ne-Yo, Afrojack & Nayer",8.0,4,7
54505,2011-05-28,6,On The Floor,Jennifer Lopez Featuring Pitbull,3.0,3,12
54602,2011-05-21,3,On The Floor,Jennifer Lopez Featuring Pitbull,7.0,3,11
54607,2011-05-21,8,Give Me Everything,"Pitbull Featuring Ne-Yo, Afrojack & Nayer",13.0,8,6
54706,2011-05-14,7,On The Floor,Jennifer Lopez Featuring Pitbull,7.0,5,10
54712,2011-05-14,13,Give Me Everything,"Pitbull Featuring Ne-Yo, Afrojack & Nayer",19.0,13,5
54740,2011-05-14,41,Hey Baby (Drop It To The Floor),Pitbull Featuring T-Pain,35.0,7,31
54806,2011-05-07,7,On The Floor,Jennifer Lopez Featuring Pitbull,8.0,5,9
54818,2011-05-07,19,Give Me Everything,"Pitbull Featuring Ne-Yo, Afrojack & Nayer",20.0,17,4
54834,2011-05-07,35,Hey Baby (Drop It To The Floor),Pitbull Featuring T-Pain,28.0,7,30
54907,2011-04-30,8,On The Floor,Jennifer Lopez Featuring Pitbull,9.0,5,8
54919,2011-04-30,20,Give Me Everything,"Pitbull Featuring Ne-Yo, Afrojack & Nayer",17.0,17,3
54927,2011-04-30,28,Hey Baby (Drop It To The Floor),Pitbull Featuring T-Pain,22.0,7,29
55008,2011-04-23,9,On The Floor,Jennifer Lopez Featuring Pitbull,8.0,5,7
55016,2011-04-23,17,Give Me Everything,"Pitbull Featuring Ne-Yo, Afrojack & Nayer",60.0,17,2
55021,2011-04-23,22,Hey Baby (Drop It To The Floor),Pitbull Featuring T-Pain,18.0,7,28
55107,2011-04-16,8,On The Floor,Jennifer Lopez Featuring Pitbull,10.0,5,6
55117,2011-04-16,18,Hey Baby (Drop It To The Floor),Pitbull Featuring T-Pain,16.0,7,27
55159,2011-04-16,60,Give Me Everything,"Pitbull Featuring Ne-Yo, Afrojack & Nayer",,60,1
55209,2011-04-09,10,On The Floor,Jennifer Lopez Featuring Pitbull,13.0,5,5
55215,2011-04-09,16,Hey Baby (Drop It To The Floor),Pitbull Featuring T-Pain,17.0,7,26
55312,2011-04-02,13,On The Floor,Jennifer Lopez Featuring Pitbull,5.0,5,4
55316,2011-04-02,17,Hey Baby (Drop It To The Floor),Pitbull Featuring T-Pain,15.0,7,25
55404,2011-03-26,5,On The Floor,Jennifer Lopez Featuring Pitbull,5.0,5,3
55414,2011-03-26,15,Hey Baby (Drop It To The Floor),Pitbull Featuring T-Pain,14.0,7,24
55504,2011-03-19,5,On The Floor,Jennifer Lopez Featuring Pitbull,9.0,5,2
55513,2011-03-19,14,Hey Baby (Drop It To The Floor),Pitbull Featuring T-Pain,14.0,7,23
55546,2011-03-19,47,DJ Got Us Fallin' In Love,Usher Featuring Pitbull,43.0,4,34
55608,2011-03-12,9,On The Floor,Jennifer Lopez Featuring Pitbull,,9,1
55613,2011-03-12,14,Hey Baby (Drop It To The Floor),Pitbull Featuring T-Pain,17.0,7,22
55642,2011-03-12,43,DJ Got Us Fallin' In Love,Usher Featuring Pitbull,41.0,4,33
55716,2011-03-05,17,Hey Baby (Drop It To The Floor),Pitbull Featuring T-Pain,12.0,7,21
55740,2011-03-05,41,DJ Got Us Fallin' In Love,Usher Featuring Pitbull,40.0,4,32
55811,2011-02-26,12,Hey Baby (Drop It To The Floor),Pitbull Featuring T-Pain,9.0,7,20
55839,2011-02-26,40,DJ Got Us Fallin' In Love,Usher Featuring Pitbull,33.0,4,31
55908,2011-02-19,9,Hey Baby (Drop It To The Floor),Pitbull Featuring T-Pain,7.0,7,19
55932,2011-02-19,33,DJ Got Us Fallin' In Love,Usher Featuring Pitbull,30.0,4,30
56006,2011-02-12,7,Hey Baby (Drop It To The Floor),Pitbull Featuring T-Pain,10.0,7,18
56029,2011-02-12,30,DJ Got Us Fallin' In Love,Usher Featuring Pitbull,24.0,4,29
56049,2011-02-12,50,I Like It,Enrique Iglesias Featuring Pitbull,48.0,4,38
56109,2011-02-05,10,Hey Baby (Drop It To The Floor),Pitbull Featuring T-Pain,20.0,10,17
56123,2011-02-05,24,DJ Got Us Fallin' In Love,Usher Featuring Pitbull,25.0,4,28
56147,2011-02-05,48,I Like It,Enrique Iglesias Featuring Pitbull,45.0,4,37
56219,2011-01-29,20,Hey Baby (Drop It To The Floor),Pitbull Featuring T-Pain,22.0,20,16
56224,2011-01-29,25,DJ Got Us Fallin' In Love,Usher Featuring Pitbull,18.0,4,27
56244,2011-01-29,45,I Like It,Enrique Iglesias Featuring Pitbull,34.0,4,36
56317,2011-01-22,18,DJ Got Us Fallin' In Love,Usher Featuring Pitbull,16.0,4,26
56321,2011-01-22,22,Hey Baby (Drop It To The Floor),Pitbull Featuring T-Pain,27.0,22,15
56333,2011-01-22,34,I Like It,Enrique Iglesias Featuring Pitbull,32.0,4,35
56415,2011-01-15,16,DJ Got Us Fallin' In Love,Usher Featuring Pitbull,17.0,4,25
56426,2011-01-15,27,Hey Baby (Drop It To The Floor),Pitbull Featuring T-Pain,32.0,27,14
56431,2011-01-15,32,I Like It,Enrique Iglesias Featuring Pitbull,38.0,4,34
56516,2011-01-08,17,DJ Got Us Fallin' In Love,Usher Featuring Pitbull,15.0,4,24
56531,2011-01-08,32,Hey Baby (Drop It To The Floor),Pitbull Featuring T-Pain,27.0,27,13
56537,2011-01-08,38,I Like It,Enrique Iglesias Featuring Pitbull,33.0,4,33
56614,2011-01-01,15,DJ Got Us Fallin' In Love,Usher Featuring Pitbull,13.0,4,23
56626,2011-01-01,27,Hey Baby (Drop It To The Floor),Pitbull Featuring T-Pain,32.0,27,12
56632,2011-01-01,33,I Like It,Enrique Iglesias Featuring Pitbull,31.0,4,32
56712,2010-12-25,13,DJ Got Us Fallin' In Love,Usher Featuring Pitbull,12.0,4,22
56730,2010-12-25,31,I Like It,Enrique Iglesias Featuring Pitbull,26.0,4,31
56731,2010-12-25,32,Hey Baby (Drop It To The Floor),Pitbull Featuring T-Pain,41.0,32,11
56799,2010-12-25,100,"Bon, Bon",Pitbull,,61,5
56811,2010-12-18,12,DJ Got Us Fallin' In Love,Usher Featuring Pitbull,12.0,4,21
56825,2010-12-18,26,I Like It,Enrique Iglesias Featuring Pitbull,20.0,4,30
56840,2010-12-18,41,Hey Baby (Drop It To The Floor),Pitbull Featuring T-Pain,43.0,39,10
56911,2010-12-11,12,DJ Got Us Fallin' In Love,Usher Featuring Pitbull,12.0,4,20
56919,2010-12-11,20,I Like It,Enrique Iglesias Featuring Pitbull,21.0,4,29
56942,2010-12-11,43,Hey Baby (Drop It To The Floor),Pitbull Featuring T-Pain,40.0,39,9
56998,2010-12-11,99,"Bon, Bon",Pitbull,88.0,61,4
57011,2010-12-04,12,DJ Got Us Fallin' In Love,Usher Featuring Pitbull,11.0,4,19
57020,2010-12-04,21,I Like It,Enrique Iglesias Featuring Pitbull,21.0,4,28
57039,2010-12-04,40,Hey Baby (Drop It To The Floor),Pitbull Featuring T-Pain,44.0,39,8
57087,2010-12-04,88,"Bon, Bon",Pitbull,85.0,61,3
57110,2010-11-27,11,DJ Got Us Fallin' In Love,Usher Featuring Pitbull,9.0,4,18
57120,2010-11-27,21,I Like It,Enrique Iglesias Featuring Pitbull,18.0,4,27
57143,2010-11-27,44,Hey Baby (Drop It To The Floor),Pitbull Featuring T-Pain,39.0,39,7
57184,2010-11-27,85,"Bon, Bon",Pitbull,61.0,61,2
57208,2010-11-20,9,DJ Got Us Fallin' In Love,Usher Featuring Pitbull,6.0,4,17
57217,2010-11-20,18,I Like It,Enrique Iglesias Featuring Pitbull,14.0,4,26
57238,2010-11-20,39,Hey Baby (Drop It To The Floor),Pitbull Featuring T-Pain,52.0,39,6
57260,2010-11-20,61,"Bon, Bon",Pitbull,,61,1
57305,2010-11-13,6,DJ Got Us Fallin' In Love,Usher Featuring Pitbull,5.0,4,16
57313,2010-11-13,14,I Like It,Enrique Iglesias Featuring Pitbull,14.0,4,25
57351,2010-11-13,52,Hey Baby (Drop It To The Floor),Pitbull Featuring T-Pain,52.0,44,5
57404,2010-11-06,5,DJ Got Us Fallin' In Love,Usher Featuring Pitbull,5.0,4,15
57413,2010-11-06,14,I Like It,Enrique Iglesias Featuring Pitbull,13.0,4,24
57451,2010-11-06,52,Hey Baby (Drop It To The Floor),Pitbull Featuring T-Pain,57.0,44,4
57504,2010-10-30,5,DJ Got Us Fallin' In Love,Usher Featuring Pitbull,5.0,4,14
57512,2010-10-30,13,I Like It,Enrique Iglesias Featuring Pitbull,11.0,4,23
57556,2010-10-30,57,Hey Baby (Drop It To The Floor),Pitbull Featuring T-Pain,44.0,44,3
57604,2010-10-23,5,DJ Got Us Fallin' In Love,Usher Featuring Pitbull,5.0,4,13
57610,2010-10-23,11,I Like It,Enrique Iglesias Featuring Pitbull,9.0,4,22
57643,2010-10-23,44,Hey Baby (Drop It To The Floor),Pitbull Featuring T-Pain,51.0,44,2
57704,2010-10-16,5,DJ Got Us Fallin' In Love,Usher Featuring Pitbull,4.0,4,12
57708,2010-10-16,9,I Like It,Enrique Iglesias Featuring Pitbull,9.0,4,21
57750,2010-10-16,51,Hey Baby (Drop It To The Floor),Pitbull Featuring T-Pain,,51,1
57803,2010-10-09,4,DJ Got Us Fallin' In Love,Usher Featuring Pitbull,5.0,4,11
57808,2010-10-09,9,I Like It,Enrique Iglesias Featuring Pitbull,7.0,4,20
57904,2010-10-02,5,DJ Got Us Fallin' In Love,Usher Featuring Pitbull,6.0,5,10
57906,2010-10-02,7,I Like It,Enrique Iglesias Featuring Pitbull,5.0,4,19
58004,2010-09-25,5,I Like It,Enrique Iglesias Featuring Pitbull,5.0,4,18
58005,2010-09-25,6,DJ Got Us Fallin' In Love,Usher Featuring Pitbull,6.0,5,9
58104,2010-09-18,5,I Like It,Enrique Iglesias Featuring Pitbull,4.0,4,17
58105,2010-09-18,6,DJ Got Us Fallin' In Love,Usher Featuring Pitbull,5.0,5,8
58203,2010-09-11,4,I Like It,Enrique Iglesias Featuring Pitbull,4.0,4,16
58204,2010-09-11,5,DJ Got Us Fallin' In Love,Usher Featuring Pitbull,5.0,5,7
58303,2010-09-04,4,I Like It,Enrique Iglesias Featuring Pitbull,4.0,4,15
58304,2010-09-04,5,DJ Got Us Fallin' In Love,Usher Featuring Pitbull,7.0,5,6
58403,2010-08-28,4,I Like It,Enrique Iglesias Featuring Pitbull,5.0,4,14
58406,2010-08-28,7,DJ Got Us Fallin' In Love,Usher Featuring Pitbull,8.0,7,5
58504,2010-08-21,5,I Like It,Enrique Iglesias Featuring Pitbull,5.0,5,13
58507,2010-08-21,8,DJ Got Us Fallin' In Love,Usher Featuring Pitbull,9.0,8,4
58604,2010-08-14,5,I Like It,Enrique Iglesias Featuring Pitbull,6.0,5,12
58608,2010-08-14,9,DJ Got Us Fallin' In Love,Usher Featuring Pitbull,12.0,9,3
58705,2010-08-07,6,I Like It,Enrique Iglesias Featuring Pitbull,8.0,6,11
58711,2010-08-07,12,DJ Got Us Fallin' In Love,Usher Featuring Pitbull,19.0,12,2
58807,2010-07-31,8,I Like It,Enrique Iglesias Featuring Pitbull,8.0,8,10
58818,2010-07-31,19,DJ Got Us Fallin' In Love,Usher Featuring Pitbull,,19,1
58907,2010-07-24,8,I Like It,Enrique Iglesias Featuring Pitbull,18.0,8,9
59017,2010-07-17,18,I Like It,Enrique Iglesias Featuring Pitbull,22.0,18,8
59121,2010-07-10,22,I Like It,Enrique Iglesias Featuring Pitbull,26.0,22,7
59225,2010-07-03,26,I Like It,Enrique Iglesias Featuring Pitbull,32.0,26,6
59331,2010-06-26,32,I Like It,Enrique Iglesias Featuring Pitbull,55.0,32,5
59454,2010-06-19,55,I Like It,Enrique Iglesias Featuring Pitbull,70.0,55,4
59569,2010-06-12,70,I Like It,Enrique Iglesias Featuring Pitbull,82.0,70,3
59681,2010-06-05,82,I Like It,Enrique Iglesias Featuring Pitbull,89.0,82,2
59788,2010-05-29,89,I Like It,Enrique Iglesias Featuring Pitbull,,89,1
60794,2010-03-20,95,Shut It Down,Pitbull Featuring Akon,87.0,42,14
60886,2010-03-13,87,Shut It Down,Pitbull Featuring Akon,76.0,42,13
60975,2010-03-06,76,Shut It Down,Pitbull Featuring Akon,58.0,42,12
61057,2010-02-27,58,Shut It Down,Pitbull Featuring Akon,48.0,42,11
61147,2010-02-20,48,Shut It Down,Pitbull Featuring Akon,42.0,42,10
61241,2010-02-13,42,Shut It Down,Pitbull Featuring Akon,51.0,42,9
61350,2010-02-06,51,Shut It Down,Pitbull Featuring Akon,53.0,51,8
61452,2010-01-30,53,Shut It Down,Pitbull Featuring Akon,67.0,53,7
61566,2010-01-23,67,Shut It Down,Pitbull Featuring Akon,75.0,67,6
61674,2010-01-16,75,Shut It Down,Pitbull Featuring Akon,87.0,69,5
61786,2010-01-09,87,Shut It Down,Pitbull Featuring Akon,69.0,69,4
61868,2010-01-02,69,Shut It Down,Pitbull Featuring Akon,83.0,69,3
61982,2009-12-26,83,Shut It Down,Pitbull Featuring Akon,85.0,83,2
62084,2009-12-19,85,Shut It Down,Pitbull Featuring Akon,,85,1
62246,2009-12-05,47,Hotel Room Service,Pitbull,43.0,8,23
62342,2009-11-28,43,Hotel Room Service,Pitbull,42.0,8,22
62441,2009-11-21,42,Hotel Room Service,Pitbull,42.0,8,21
62541,2009-11-14,42,Hotel Room Service,Pitbull,32.0,8,20
62631,2009-11-07,32,Hotel Room Service,Pitbull,29.0,8,19
62642,2009-11-07,43,I Know You Want Me (Calle Ocho),Pitbull,45.0,2,35
62728,2009-10-31,29,Hotel Room Service,Pitbull,22.0,8,18
62744,2009-10-31,45,I Know You Want Me (Calle Ocho),Pitbull,48.0,2,34
62821,2009-10-24,22,Hotel Room Service,Pitbull,15.0,8,17
62847,2009-10-24,48,I Know You Want Me (Calle Ocho),Pitbull,44.0,2,33
62914,2009-10-17,15,Hotel Room Service,Pitbull,14.0,8,16
62943,2009-10-17,44,I Know You Want Me (Calle Ocho),Pitbull,35.0,2,32
63013,2009-10-10,14,Hotel Room Service,Pitbull,12.0,8,15
63034,2009-10-10,35,I Know You Want Me (Calle Ocho),Pitbull,28.0,2,31
63111,2009-10-03,12,Hotel Room Service,Pitbull,9.0,8,14
63127,2009-10-03,28,I Know You Want Me (Calle Ocho),Pitbull,25.0,2,30
63208,2009-09-26,9,Hotel Room Service,Pitbull,8.0,8,13
63224,2009-09-26,25,I Know You Want Me (Calle Ocho),Pitbull,25.0,2,29
63307,2009-09-19,8,Hotel Room Service,Pitbull,9.0,8,12
63324,2009-09-19,25,I Know You Want Me (Calle Ocho),Pitbull,23.0,2,28
63408,2009-09-12,9,Hotel Room Service,Pitbull,10.0,9,11
63422,2009-09-12,23,I Know You Want Me (Calle Ocho),Pitbull,19.0,2,27
63509,2009-09-05,10,Hotel Room Service,Pitbull,10.0,9,10
63518,2009-09-05,19,I Know You Want Me (Calle Ocho),Pitbull,18.0,2,26
63609,2009-08-29,10,Hotel Room Service,Pitbull,9.0,9,9
63617,2009-08-29,18,I Know You Want Me (Calle Ocho),Pitbull,15.0,2,25
63708,2009-08-22,9,Hotel Room Service,Pitbull,15.0,9,8
63714,2009-08-22,15,I Know You Want Me (Calle Ocho),Pitbull,12.0,2,24
63811,2009-08-15,12,I Know You Want Me (Calle Ocho),Pitbull,11.0,2,23
63814,2009-08-15,15,Hotel Room Service,Pitbull,22.0,15,7
63910,2009-08-08,11,I Know You Want Me (Calle Ocho),Pitbull,8.0,2,22
63921,2009-08-08,22,Hotel Room Service,Pitbull,31.0,22,6
64007,2009-08-01,8,I Know You Want Me (Calle Ocho),Pitbull,8.0,2,21
64030,2009-08-01,31,Hotel Room Service,Pitbull,51.0,31,5
64107,2009-07-25,8,I Know You Want Me (Calle Ocho),Pitbull,8.0,2,20
64150,2009-07-25,51,Hotel Room Service,Pitbull,57.0,51,4
64207,2009-07-18,8,I Know You Want Me (Calle Ocho),Pitbull,6.0,2,19
64256,2009-07-18,57,Hotel Room Service,Pitbull,65.0,57,3
64305,2009-07-11,6,I Know You Want Me (Calle Ocho),Pitbull,5.0,2,18
64364,2009-07-11,65,Hotel Room Service,Pitbull,63.0,63,2
64404,2009-07-04,5,I Know You Want Me (Calle Ocho),Pitbull,4.0,2,17
64462,2009-07-04,63,Hotel Room Service,Pitbull,,63,1
64503,2009-06-27,4,I Know You Want Me (Calle Ocho),Pitbull,2.0,2,16
64601,2009-06-20,2,I Know You Want Me (Calle Ocho),Pitbull,3.0,2,15
64702,2009-06-13,3,I Know You Want Me (Calle Ocho),Pitbull,5.0,3,14
64804,2009-06-06,5,I Know You Want Me (Calle Ocho),Pitbull,4.0,4,13
64903,2009-05-30,4,I Know You Want Me (Calle Ocho),Pitbull,11.0,4,12
65010,2009-05-23,11,I Know You Want Me (Calle Ocho),Pitbull,12.0,11,11
65111,2009-05-16,12,I Know You Want Me (Calle Ocho),Pitbull,16.0,12,10
65215,2009-05-09,16,I Know You Want Me (Calle Ocho),Pitbull,23.0,16,9
65322,2009-05-02,23,I Know You Want Me (Calle Ocho),Pitbull,27.0,23,8
65426,2009-04-25,27,I Know You Want Me (Calle Ocho),Pitbull,32.0,27,7
65531,2009-04-18,32,I Know You Want Me (Calle Ocho),Pitbull,37.0,32,6
65636,2009-04-11,37,I Know You Want Me (Calle Ocho),Pitbull,44.0,37,5
65743,2009-04-04,44,I Know You Want Me (Calle Ocho),Pitbull,50.0,44,4
65849,2009-03-28,50,I Know You Want Me (Calle Ocho),Pitbull,54.0,50,3
65953,2009-03-21,54,I Know You Want Me (Calle Ocho),Pitbull,66.0,54,2
66065,2009-03-14,66,I Know You Want Me (Calle Ocho),Pitbull,,66,1
66475,2009-02-14,76,Krazy,Pitbull Featuring Lil Jon,83.0,30,19
66582,2009-02-07,83,Krazy,Pitbull Featuring Lil Jon,72.0,30,18
66671,2009-01-31,72,Krazy,Pitbull Featuring Lil Jon,73.0,30,17
66772,2009-01-24,73,Krazy,Pitbull Featuring Lil Jon,70.0,30,16
66869,2009-01-17,70,Krazy,Pitbull Featuring Lil Jon,64.0,30,15
66963,2009-01-10,64,Krazy,Pitbull Featuring Lil Jon,84.0,30,14
67083,2009-01-03,84,Krazy,Pitbull Featuring Lil Jon,83.0,30,13
67182,2008-12-27,83,Krazy,Pitbull Featuring Lil Jon,78.0,30,12
67277,2008-12-20,78,Krazy,Pitbull Featuring Lil Jon,55.0,30,11
67354,2008-12-13,55,Krazy,Pitbull Featuring Lil Jon,50.0,30,10
67449,2008-12-06,50,Krazy,Pitbull Featuring Lil Jon,47.0,30,9
67546,2008-11-29,47,Krazy,Pitbull Featuring Lil Jon,38.0,30,8
67637,2008-11-22,38,Krazy,Pitbull Featuring Lil Jon,34.0,30,7
67733,2008-11-15,34,Krazy,Pitbull Featuring Lil Jon,33.0,30,6
67832,2008-11-08,33,Krazy,Pitbull Featuring Lil Jon,35.0,30,5
67934,2008-11-01,35,Krazy,Pitbull Featuring Lil Jon,30.0,30,4
68029,2008-10-25,30,Krazy,Pitbull Featuring Lil Jon,33.0,30,3
68132,2008-10-18,33,Krazy,Pitbull Featuring Lil Jon,63.0,33,2
68262,2008-10-11,63,Krazy,Pitbull Featuring Lil Jon,,63,1
70386,2008-05-17,87,The Anthem,Pitbull Featuring Lil Jon,74.0,36,18
70473,2008-05-10,74,The Anthem,Pitbull Featuring Lil Jon,68.0,36,17
70567,2008-05-03,68,The Anthem,Pitbull Featuring Lil Jon,64.0,36,16
70663,2008-04-26,64,The Anthem,Pitbull Featuring Lil Jon,66.0,36,15
70765,2008-04-19,66,The Anthem,Pitbull Featuring Lil Jon,61.0,36,14
70860,2008-04-12,61,The Anthem,Pitbull Featuring Lil Jon,47.0,36,13
70946,2008-04-05,47,The Anthem,Pitbull Featuring Lil Jon,36.0,36,12
71035,2008-03-29,36,The Anthem,Pitbull Featuring Lil Jon,38.0,36,11
71137,2008-03-22,38,The Anthem,Pitbull Featuring Lil Jon,52.0,38,10
71251,2008-03-15,52,The Anthem,Pitbull Featuring Lil Jon,59.0,52,9
71358,2008-03-08,59,The Anthem,Pitbull Featuring Lil Jon,59.0,59,8
71458,2008-03-01,59,The Anthem,Pitbull Featuring Lil Jon,66.0,59,7
71565,2008-02-23,66,The Anthem,Pitbull Featuring Lil Jon,72.0,66,6
71671,2008-02-16,72,The Anthem,Pitbull Featuring Lil Jon,76.0,72,5
71695,2008-02-16,96,Go Girl,Pitbull Featuring Trina & Young Bo$$,94.0,83,9
71775,2008-02-09,76,The Anthem,Pitbull Featuring Lil Jon,76.0,76,4
71793,2008-02-09,94,Go Girl,Pitbull Featuring Trina & Young Bo$$,93.0,83,8
71875,2008-02-02,76,The Anthem,Pitbull Featuring Lil Jon,88.0,76,3
71892,2008-02-02,93,Go Girl,Pitbull Featuring Trina & Young Bo$$,98.0,83,7
71987,2008-01-26,88,The Anthem,Pitbull Featuring Lil Jon,,88,2
71997,2008-01-26,98,Go Girl,Pitbull Featuring Trina & Young Bo$$,97.0,83,6
72096,2008-01-19,97,Go Girl,Pitbull Featuring Trina & Young Bo$$,83.0,83,5
72182,2008-01-12,83,Go Girl,Pitbull Featuring Trina & Young Bo$$,100.0,83,4
72291,2008-01-05,92,The Anthem,Pitbull Featuring Lil Jon,,92,1
72299,2008-01-05,100,Go Girl,Pitbull Featuring Trina & Young Bo$$,,92,3
72492,2007-12-22,93,Go Girl,Pitbull Featuring Trina & Young Bo$$,92.0,92,2
72591,2007-12-15,92,Go Girl,Pitbull Featuring Trina & Young Bo$$,,92,1
77198,2007-01-27,99,Ay Chico (Lengua Afuera),Pitbull,,92,6
77497,2007-01-06,98,Ay Chico (Lengua Afuera),Pitbull,96.0,92,5
77595,2006-12-30,96,Ay Chico (Lengua Afuera),Pitbull,93.0,92,4
77692,2006-12-23,93,Ay Chico (Lengua Afuera),Pitbull,92.0,92,3
77791,2006-12-16,92,Ay Chico (Lengua Afuera),Pitbull,97.0,92,2
77896,2006-12-09,97,Ay Chico (Lengua Afuera),Pitbull,,97,1
79890,2006-07-22,91,Bojangles,Pitbull,,91,1
79999,2006-07-15,100,Holla At Me,"DJ Khaled Featuring Lil Wayne, Paul Wall, Fat Joe, Rick Ross & Pitbull",83.0,59,4
80082,2006-07-08,83,Holla At Me,"DJ Khaled Featuring Lil Wayne, Paul Wall, Fat Joe, Rick Ross & Pitbull",61.0,59,3
80160,2006-07-01,61,Holla At Me,"DJ Khaled Featuring Lil Wayne, Paul Wall, Fat Joe, Rick Ross & Pitbull",59.0,59,2
80258,2006-06-24,59,Holla At Me,"DJ Khaled Featuring Lil Wayne, Paul Wall, Fat Joe, Rick Ross & Pitbull",,59,1
82395,2006-01-28,96,Hit The Floor,Twista Featuring Pitbull,99.0,94,6
82498,2006-01-21,99,Hit The Floor,Twista Featuring Pitbull,,94,5
82590,2006-01-14,91,Shake,Ying Yang Twins Featuring Pitbull,64.0,41,20
82663,2006-01-07,64,Shake,Ying Yang Twins Featuring Pitbull,71.0,41,19
82693,2006-01-07,94,Hit The Floor,Twista Featuring Pitbull,96.0,94,4
82770,2005-12-31,71,Shake,Ying Yang Twins Featuring Pitbull,63.0,41,18
82795,2005-12-31,96,Hit The Floor,Twista Featuring Pitbull,100.0,95,3
82862,2005-12-24,63,Shake,Ying Yang Twins Featuring Pitbull,58.0,41,17
82899,2005-12-24,100,Hit The Floor,Twista Featuring Pitbull,95.0,95,2
82957,2005-12-17,58,Shake,Ying Yang Twins Featuring Pitbull,52.0,41,16
82994,2005-12-17,95,Hit The Floor,Twista Featuring Pitbull,,95,1
83051,2005-12-10,52,Shake,Ying Yang Twins Featuring Pitbull,48.0,41,15
83147,2005-12-03,48,Shake,Ying Yang Twins Featuring Pitbull,53.0,41,14
83252,2005-11-26,53,Shake,Ying Yang Twins Featuring Pitbull,41.0,41,13
83340,2005-11-19,41,Shake,Ying Yang Twins Featuring Pitbull,44.0,41,12
83443,2005-11-12,44,Shake,Ying Yang Twins Featuring Pitbull,48.0,44,11
83547,2005-11-05,48,Shake,Ying Yang Twins Featuring Pitbull,47.0,46,10
83646,2005-10-29,47,Shake,Ying Yang Twins Featuring Pitbull,46.0,46,9
83745,2005-10-22,46,Shake,Ying Yang Twins Featuring Pitbull,61.0,46,8
83860,2005-10-15,61,Shake,Ying Yang Twins Featuring Pitbull,67.0,61,7
83966,2005-10-08,67,Shake,Ying Yang Twins Featuring Pitbull,72.0,67,6
84071,2005-10-01,72,Shake,Ying Yang Twins Featuring Pitbull,77.0,72,5
84176,2005-09-24,77,Shake,Ying Yang Twins Featuring Pitbull,89.0,77,4
84288,2005-09-17,89,Shake,Ying Yang Twins Featuring Pitbull,95.0,89,3
84394,2005-09-10,95,Shake,Ying Yang Twins Featuring Pitbull,94.0,94,2
84493,2005-09-03,94,Shake,Ying Yang Twins Featuring Pitbull,,94,1
89673,2004-09-04,74,Culo,Pitbull Featuring Lil Jon,58.0,32,20
89757,2004-08-28,58,Culo,Pitbull Featuring Lil Jon,67.0,32,19
89866,2004-08-21,67,Culo,Pitbull Featuring Lil Jon,71.0,32,18
89970,2004-08-14,71,Culo,Pitbull Featuring Lil Jon,67.0,32,17
90066,2004-08-07,67,Culo,Pitbull Featuring Lil Jon,69.0,32,16
90168,2004-07-31,69,Culo,Pitbull Featuring Lil Jon,61.0,32,15
90260,2004-07-24,61,Culo,Pitbull Featuring Lil Jon,52.0,32,14
90351,2004-07-17,52,Culo,Pitbull Featuring Lil Jon,54.0,32,13
90453,2004-07-10,54,Culo,Pitbull Featuring Lil Jon,45.0,32,12
90544,2004-07-03,45,Culo,Pitbull Featuring Lil Jon,45.0,32,11
90644,2004-06-26,45,Culo,Pitbull Featuring Lil Jon,42.0,32,10
90741,2004-06-19,42,Culo,Pitbull Featuring Lil Jon,32.0,32,9
90831,2004-06-12,32,Culo,Pitbull Featuring Lil Jon,37.0,32,8
90936,2004-06-05,37,Culo,Pitbull Featuring Lil Jon,53.0,37,7
91052,2004-05-29,53,Culo,Pitbull Featuring Lil Jon,57.0,53,6
91156,2004-05-22,57,Culo,Pitbull Featuring Lil Jon,61.0,57,5
91260,2004-05-15,61,Culo,Pitbull Featuring Lil Jon,66.0,61,4
91365,2004-05-08,66,Culo,Pitbull Featuring Lil Jon,77.0,66,3
91476,2004-05-01,77,Culo,Pitbull Featuring Lil Jon,84.0,77,2
91583,2004-04-24,84,Culo,Pitbull Featuring Lil Jon,,84,1
